,comunidad,provincia,población,latitud,longitud,altitud,habitantes,hombres,mujeres,idprovincia
6267,Galicia,A CORUÑA,Abegondo,43.21667,-8.283333,99.71806,5798,2876,2922,15
6268,Galicia,A CORUÑA,Ames,42.9,-8.633333,216.3797,26983,13079,13904,15
6269,Galicia,A CORUÑA,Aranga,43.23333,-8.016667,275.3901,2142,1066,1076,15
6270,Galicia,A CORUÑA,Ares,43.4263,-8.247746,9.654655,5673,2798,2875,15
6271,Galicia,A CORUÑA,Arteixo,43.30451,-8.511387,36.12324,29762,14906,14856,15
6272,Galicia,A CORUÑA,Arzúa,42.92717,-8.164196,385.5346,6490,3241,3249,15
6273,Galicia,A CORUÑA,Baña (A),42.80187,-8.842805,132.5069,4415,2113,2302,15
6274,Galicia,A CORUÑA,Bergondo,43.31667,-8.233334,111.32,6696,3228,3468,15
6275,Galicia,A CORUÑA,Betanzos,43.28106,-8.211315,30.77564,13680,6530,7150,15
6276,Galicia,A CORUÑA,Boimorto,43.008,-8.127,486.9221,2288,1154,1134,15
6277,Galicia,A CORUÑA,Boiro,42.65,-8.9,39.57637,18883,9191,9692,15
6278,Galicia,A CORUÑA,Boqueixón,42.817,-8.417,295.4394,4462,2184,2278,15
6279,Galicia,A CORUÑA,Brión,42.867,-8.678,113.9952,7205,3486,3719,15
6280,Galicia,A CORUÑA,Cabana de Bergantiños,43.21917,-8.98,91.22826,4985,2459,2526,15
6281,Galicia,A CORUÑA,Cabanas,43.41724,-8.16521,14.01326,3336,1662,1674,15
6282,Galicia,A CORUÑA,Camariñas,43.12862,-9.184929,8.057896,6224,3089,3135,15
6283,Galicia,A CORUÑA,Cambre,43.29416,-8.34498,59.3171,23231,11426,11805,15
6284,Galicia,A CORUÑA,Capela (A),42.69293,-8.792709,69.87862,1417,706,711,15
6285,Galicia,A CORUÑA,Carballo,43.21217,-8.691041,108.2141,30990,15129,15861,15
6286,Galicia,A CORUÑA,Cariño,43.73265,-7.877766,9.662794,4590,2253,2337,15
6287,Galicia,A CORUÑA,Carnota,42.82107,-9.0871,39.35276,4938,2375,2563,15
6288,Galicia,A CORUÑA,Carral,43.2297,-8.355897,143.3725,5770,2820,2950,15
6289,Galicia,A CORUÑA,Cedeira,43.66142,-8.05547,9.32181,7465,3736,3729,15
6290,Galicia,A CORUÑA,Cee,42.95541,-9.18975,5.529384,7712,3748,3964,15
6291,Galicia,A CORUÑA,Cerceda,43.16024,-8.473271,340.3528,5570,2713,2857,15
6292,Galicia,A CORUÑA,Cerdido,43.62384,-7.994961,127.0117,1359,663,696,15
6293,Galicia,A CORUÑA,Cesuras,43.17367,-8.197223,380.5045,2219,1089,1130,15
6294,Galicia,A CORUÑA,Coirós,43.25033,-8.164351,214.9906,1713,846,867,15
6295,Galicia,A CORUÑA,Corcubión,42.94464,-9.19431,12.05067,1815,888,927,15
6296,Galicia,A CORUÑA,Coristanco,43.19048,-8.760949,121.6658,7285,3536,3749,15
6297,Galicia,A CORUÑA,Coruña (A),43.37087,-8.395835,16.76067,246056,114498,131558,15
6298,Galicia,A CORUÑA,Culleredo,43.31584,-8.384923,60.64721,28227,13759,14468,15
6299,Galicia,A CORUÑA,Curtis,43.12437,-8.146308,524.2576,4246,2114,2132,15
6300,Galicia,A CORUÑA,Dodro,42.7175,-8.714723,8.638529,3029,1474,1555,15
6301,Galicia,A CORUÑA,Dumbría,43.00933,-9.11521,196.8048,3751,1796,1955,15
6302,Galicia,A CORUÑA,Fene,43.47521,-8.165961,31.51714,14165,6830,7335,15
6303,Galicia,A CORUÑA,Ferrol,43.48839,-8.222509,17.92745,74273,34876,39397,15
6304,Galicia,A CORUÑA,Fisterra,42.90507,-9.264338,26.53479,5005,2538,2467,15
6305,Galicia,A CORUÑA,Frades,43.04,-8.277223,330.4912,2706,1344,1362,15
6306,Galicia,A CORUÑA,Irixoa,43.28474,-8.058925,362.8766,1526,759,767,15
6307,Galicia,A CORUÑA,Laracha (A),43.25232,-8.584469,165.5166,11171,5456,5715,15
6308,Galicia,A CORUÑA,Laxe,43.21975,-9.005163,10.11361,3413,1696,1717,15
6309,Galicia,A CORUÑA,Lousame,42.75896,-8.846885,76.47759,3687,1743,1944,15
6310,Galicia,A CORUÑA,Malpica de Bergantiños,43.32416,-8.809312,18.54621,6228,3021,3207,15
6311,Galicia,A CORUÑA,Mañón,43.7692,-7.685581,122.7509,1622,796,826,15
6312,Galicia,A CORUÑA,Mazaricos,42.93893,-8.992199,309.7912,4939,2373,2566,15
6313,Galicia,A CORUÑA,Melide,42.91393,-8.014727,456.2325,7874,3865,4009,15
6314,Galicia,A CORUÑA,Mesía,43.11592,-8.244491,396.5716,2975,1500,1475,15
6315,Galicia,A CORUÑA,Miño,43.3475,-8.206388,35.12242,5488,2704,2784,15
6316,Galicia,A CORUÑA,Moeche,43.55053,-7.991225,124.2339,1416,666,750,15
6317,Galicia,A CORUÑA,Monfero,43.32491,-8.054685,313.0533,2299,1164,1135,15
6318,Galicia,A CORUÑA,Mugardos,43.46075,-8.253842,26.80462,5565,2716,2849,15
6319,Galicia,A CORUÑA,Muros,42.77432,-9.057509,13.47934,9787,4752,5035,15
6320,Galicia,A CORUÑA,Muxía,43.10466,-9.218463,10.06232,5510,2688,2822,15
6321,Galicia,A CORUÑA,Narón,43.53705,-8.180766,54.86041,37712,18343,19369,15
6322,Galicia,A CORUÑA,Neda,43.50128,-8.156269,17.3906,5528,2701,2827,15
6323,Galicia,A CORUÑA,Negreira,42.90954,-8.736245,165.9285,6941,3337,3604,15
6324,Galicia,A CORUÑA,Noia,42.78525,-8.888309,14.17139,14970,7178,7792,15
6325,Galicia,A CORUÑA,Oleiros,43.3335,-8.313619,121.4051,33443,16205,17238,15
6326,Galicia,A CORUÑA,Ordes,43.07674,-8.407746,287.7448,12757,6264,6493,15
6327,Galicia,A CORUÑA,Oroso,42.99442,-8.434846,265.2925,6987,3489,3498,15
6328,Galicia,A CORUÑA,Ortigueira,43.68634,-7.851941,12.5302,7150,3428,3722,15
6329,Galicia,A CORUÑA,Outes,42.85127,-8.926455,155.6038,7425,3561,3864,15
6330,Galicia,A CORUÑA,Oza dos Ríos,43.21533,-8.186943,234.9048,3202,1594,1608,15
6331,Galicia,A CORUÑA,Paderne,43.28677,-8.176355,151.441,2672,1305,1367,15
6332,Galicia,A CORUÑA,Padrón,42.73898,-8.660538,12.52071,8968,4295,4673,15
6333,Galicia,A CORUÑA,Pino (O),42.98462,-8.313807,325.1911,4710,2316,2394,15
6334,Galicia,A CORUÑA,Pobra do Caramiñal (A),42.6033,-8.938943,10.39054,9878,4793,5085,15
6335,Galicia,A CORUÑA,Ponteceso,43.24269,-8.900965,9.338658,6302,3172,3130,15
6336,Galicia,A CORUÑA,Pontedeume,43.40258,-8.152691,52.01764,8457,4113,4344,15
6337,Galicia,A CORUÑA,Pontes de García Rodríguez (As),43.44582,-7.849446,346.5103,11431,5704,5727,15
6338,Galicia,A CORUÑA,Porto do Son,42.72468,-9.006695,13.61645,9867,4930,4937,15
6339,Galicia,A CORUÑA,Rianxo,42.65199,-8.81842,12.18667,11769,5744,6025,15
6340,Galicia,A CORUÑA,Ribeira,42.57627,-9.023945,9.570827,27518,13639,13879,15
6341,Galicia,A CORUÑA,Rois,42.76181,-8.706309,91.43814,4995,2360,2635,15
6342,Galicia,A CORUÑA,Sada,43.35093,-8.254611,8.367744,14487,7148,7339,15
6343,Galicia,A CORUÑA,San Sadurniño,43.56245,-8.054992,235.7317,3119,1547,1572,15
6344,Galicia,A CORUÑA,Santa Comba,43.0477,-8.814226,357.9261,10487,5059,5428,15
6345,Galicia,A CORUÑA,Santiago de Compostela,42.88045,-8.546304,250.5518,95092,44320,50772,15
6346,Galicia,A CORUÑA,Santiso,42.85,-8.05,395.2911,1980,1031,949,15
6347,Galicia,A CORUÑA,Sobrado,43.042,-8.027381,531.1628,2168,1094,1074,15
6348,Galicia,A CORUÑA,Somozas (As),43.53605,-7.924339,365.4666,1382,700,682,15
6349,Galicia,A CORUÑA,Teo,42.80227,-8.586169,210.1551,17807,8710,9097,15
6350,Galicia,A CORUÑA,Toques,42.96787,-7.988449,550.1306,1405,733,672,15
6351,Galicia,A CORUÑA,Tordoia,43.088,-8.56,372.4156,4339,2050,2289,15
6352,Galicia,A CORUÑA,Touro,42.86709,-8.306829,322.1459,4230,2089,2141,15
6353,Galicia,A CORUÑA,Trazo,43.01667,-8.533333,308.1545,3498,1732,1766,15
6354,Galicia,A CORUÑA,Val do Dubra,43.0225,-8.638333,308.1521,4423,2137,2286,15
6355,Galicia,A CORUÑA,Valdoviño,43.6,-8.133056,168.3914,6978,3416,3562,15
6356,Galicia,A CORUÑA,Vedra,42.78234,-8.467377,230.7933,5059,2437,2622,15
6357,Galicia,A CORUÑA,Vilarmaior,43.34461,-8.15395,195.4239,1294,668,626,15
6358,Galicia,A CORUÑA,Vilasantar,43.06667,-8.1,442.1523,1415,737,678,15
6359,Galicia,A CORUÑA,Vimianzo,43.1103,-9.033895,131.8647,8204,4010,4194,15
6360,Galicia,A CORUÑA,Zas,43.09975,-8.916149,221.0706,5385,2634,2751,15
6361,Galicia,LUGO,Abadín,43.36666,-7.483333,475.1587,2896,1405,1491,27
6362,Galicia,LUGO,Alfoz,43.52817,-7.414435,56.10721,2107,1021,1086,27
6363,Galicia,LUGO,Antas de Ulla,42.78225,-7.891078,558.4615,2407,1175,1232,27
6364,Galicia,LUGO,Baleira,43.00167,-7.239167,661.8257,1584,831,753,27
6365,Galicia,LUGO,Baralla,42.89286,-7.253127,488.2265,2955,1521,1434,27
6366,Galicia,LUGO,Barreiros,43.53333,-7.233333,193.2786,3244,1553,1691,27
6367,Galicia,LUGO,Becerreá,42.85341,-7.162147,641.6993,3250,1650,1600,27
6368,Galicia,LUGO,Begonte,43.14534,-7.680204,416.7638,3475,1726,1749,27
6369,Galicia,LUGO,Bóveda,42.62622,-7.479327,358.4192,1669,826,843,27
6370,Galicia,LUGO,Burela,43.65594,-7.363514,62.66413,9381,4700,4681,27
6371,Galicia,LUGO,Carballedo,42.51667,-7.833333,556.9655,2752,1366,1386,27
6372,Galicia,LUGO,Castro de Rei,43.20859,-7.400369,431.6718,5685,2834,2851,27
6373,Galicia,LUGO,Castroverde,43.03097,-7.327102,589.1481,3061,1579,1482,27
6374,Galicia,LUGO,Cervantes,42.86984,-7.060073,648.1846,1731,971,760,27
6375,Galicia,LUGO,Cervo,43.68209,-7.44769,59.01057,4685,2344,2341,27
6376,Galicia,LUGO,Chantada,42.60867,-7.773468,491.9615,9014,4370,4644,27
6377,Galicia,LUGO,Corgo (O),42.93829,-7.415542,423.9196,3993,2018,1975,27
6378,Galicia,LUGO,Cospeito,43.23597,-7.558825,426.1127,5231,2556,2675,27
6379,Galicia,LUGO,Folgoso do Courel,42.58882,-7.195468,597.0881,1233,642,591,27
6380,Galicia,LUGO,Fonsagrada (A),43.12375,-7.06791,957.5945,4520,2369,2151,27
6381,Galicia,LUGO,Foz,43.56639,-7.25667,6.783125,9970,4862,5108,27
6382,Galicia,LUGO,Friol,43.02889,-7.79354,483.822,4348,2155,2193,27
6383,Galicia,LUGO,Guitiriz,43.18174,-7.900185,448.572,5896,2944,2952,27
6384,Galicia,LUGO,Guntín,42.88778,-7.697222,465.0538,3129,1579,1550,27
6385,Galicia,LUGO,Incio (O),42.64861,-7.33,733.6429,2087,1009,1078,27
6386,Galicia,LUGO,Láncara,42.86206,-7.348236,409.2137,2992,1504,1488,27
6387,Galicia,LUGO,Lourenzá,43.4711,-7.297891,56.24402,2542,1253,1289,27
6388,Galicia,LUGO,Lugo,43.01208,-7.555851,468.2347,96678,45165,51513,27
6389,Galicia,LUGO,Meira,43.2131,-7.294944,488.5347,1800,898,902,27
6390,Galicia,LUGO,Mondoñedo,43.4281,-7.362851,132.6622,4508,2107,2401,27
6391,Galicia,LUGO,Monforte de Lemos,42.5185,-7.510688,299.166,19546,9380,10166,27
6392,Galicia,LUGO,Monterroso,42.79319,-7.836526,542.8273,4241,2188,2053,27
6393,Galicia,LUGO,Muras,43.46788,-7.723003,486.4558,830,419,411,27
6394,Galicia,LUGO,Navia de Suarna,42.96486,-7.003865,324.8547,1441,778,663,27
6395,Galicia,LUGO,Negueira de Muñiz,43.13335,-6.893023,358.476,210,112,98,27
6396,Galicia,LUGO,Nogais (As),42.80933,-7.109268,512.5035,1381,716,665,27
6397,Galicia,LUGO,Ourol,43.55678,-7.636109,253.6125,1216,603,613,27
6398,Galicia,LUGO,Outeiro de Rei,43.10213,-7.615168,410.7439,4852,2513,2339,27
6399,Galicia,LUGO,Palas de Rei,42.87424,-7.868907,558.8809,3678,1803,1875,27
6400,Galicia,LUGO,Pantón,42.51667,-7.6,304.506,2978,1425,1553,27
6401,Galicia,LUGO,Paradela,42.76667,-7.6,559.2864,2143,1070,1073,27
6402,Galicia,LUGO,Páramo (O),42.8396,-7.535555,376.2073,1686,858,828,27
6403,Galicia,LUGO,Pastoriza (A),43.30063,-7.351371,545.8884,3566,1760,1806,27
6404,Galicia,LUGO,Pedrafita do Cebreiro,42.72624,-7.021226,1110.924,1298,691,607,27
6405,Galicia,LUGO,Pobra do Brollón (A),42.55704,-7.392418,384.0419,2105,1034,1071,27
6406,Galicia,LUGO,Pol,43.15272,-7.330053,530.1712,1865,933,932,27
6407,Galicia,LUGO,Pontenova (A),43.34803,-7.192536,84.54995,2892,1424,1468,27
6408,Galicia,LUGO,Portomarín,42.80775,-7.615518,387.5597,1796,920,876,27
6409,Galicia,LUGO,Quiroga,42.47597,-7.271719,268.3575,3829,1828,2001,27
6410,Galicia,LUGO,Rábade,43.12088,-7.621819,404.1569,1711,859,852,27
6411,Galicia,LUGO,Ribadeo,43.53735,-7.043029,41.25553,9983,4745,5238,27
6412,Galicia,LUGO,Ribas de Sil,42.44611,-7.297662,532.9442,1144,563,581,27
6413,Galicia,LUGO,Ribeira de Piquín,43.19055,-7.189803,616.5509,687,354,333,27
6414,Galicia,LUGO,Riotorto,43.35972,-7.254445,393.7881,1522,747,775,27
6415,Galicia,LUGO,Samos,42.73054,-7.325293,542.352,1707,885,822,27
6416,Galicia,LUGO,Sarria,42.77766,-7.414474,447.6552,13508,6605,6903,27
6417,Galicia,LUGO,Saviñao (O),42.64709,-7.654811,450.5526,4570,2265,2305,27
6418,Galicia,LUGO,Sober,42.46107,-7.586344,398.1687,2681,1266,1415,27
6419,Galicia,LUGO,Taboada,42.71615,-7.762904,542.3445,3464,1671,1793,27
6420,Galicia,LUGO,Trabada,43.44833,-7.194592,214.7123,1392,692,700,27
6421,Galicia,LUGO,Triacastela,42.75665,-7.240443,671.5583,781,385,396,27
6422,Galicia,LUGO,Valadouro (O),43.56673,-7.459773,262.7564,2209,1098,1111,27
6423,Galicia,LUGO,Vicedo (O),43.73336,-7.672058,13.50312,2011,985,1026,27
6424,Galicia,LUGO,Vilalba,43.29541,-7.684412,452.9068,15437,7576,7861,27
6425,Galicia,LUGO,Viveiro,43.66143,-7.594532,21.87932,16238,7995,8243,27
6426,Galicia,LUGO,Xermade,43.35552,-7.813554,468.3652,2256,1107,1149,27
6427,Galicia,LUGO,Xove,43.68557,-7.512421,61.07624,3518,1757,1761,27
6428,Galicia,OURENSE,Allariz,42.19012,-7.801597,460.7867,5821,2886,2935,32
6429,Galicia,OURENSE,Amoeiro,42.40992,-7.954321,442.1121,2327,1130,1197,32
6430,Galicia,OURENSE,Arnoia (A),42.25028,-8.133056,159.5033,1103,544,559,32
6431,Galicia,OURENSE,Avión,42.37632,-8.250866,446.5516,2610,1209,1401,32
6432,Galicia,OURENSE,Baltar,41.94975,-7.716806,823.1027,1144,568,576,32
6433,Galicia,OURENSE,Bande,42.03019,-7.976335,723.6759,2116,995,1121,32
6434,Galicia,OURENSE,Baños de Molgas,42.24161,-7.672231,513.4908,1846,911,935,32
6435,Galicia,OURENSE,Barbadás,42.29916,-7.887585,241.3901,9177,4495,4682,32
6436,Galicia,OURENSE,Barco de Valdeorras (O),42.41542,-6.98196,324.8651,14213,7029,7184,32
6437,Galicia,OURENSE,Beade,42.33477,-8.145673,202.2736,521,272,249,32
6438,Galicia,OURENSE,Beariz,42.4678,-8.273106,641.1476,1319,606,713,32
6439,Galicia,OURENSE,Blancos (Os),41.99734,-7.752397,801.8071,1030,531,499,32
6440,Galicia,OURENSE,Boborás,42.43336,-8.142965,432.1264,3001,1387,1614,32
6441,Galicia,OURENSE,Bola (A),42.152,-7.915448,479.8777,1486,694,792,32
6442,Galicia,OURENSE,Bolo (O),42.4406,-8.006111,501.6701,1139,561,578,32
6443,Galicia,OURENSE,Calvos de Randín,41.94423,-7.897644,910.7596,1093,549,544,32
6444,Galicia,OURENSE,Carballeda de Avia,42.32087,-8.164418,250.0053,1546,741,805,32
6445,Galicia,OURENSE,Carballeda de Valdeorras,42.37857,-6.880474,587.8499,1870,924,946,32
6446,Galicia,OURENSE,Carballiño (O),42.42981,-8.077559,401.1974,14114,6631,7483,32
6447,Galicia,OURENSE,Cartelle,42.24883,-8.070292,366.1181,3387,1646,1741,32
6448,Galicia,OURENSE,Castrelo de Miño,42.28333,-8.116667,198.8711,1928,955,973,32
6449,Galicia,OURENSE,Castrelo do Val,41.9929,-7.42577,433.7377,1241,632,609,32
6450,Galicia,OURENSE,Castro Caldelas,42.37637,-7.411907,625.1702,1594,797,797,32
6451,Galicia,OURENSE,Celanova,42.15223,-7.958191,525.2849,6020,2866,3154,32
6452,Galicia,OURENSE,Cenlle,42.34312,-8.087995,406.6471,1431,690,741,32
6453,Galicia,OURENSE,Chandrexa de Queixa,42.26029,-7.379771,990.6727,679,380,299,32
6454,Galicia,OURENSE,Coles,42.40143,-7.836892,356.0888,3214,1612,1602,32
6455,Galicia,OURENSE,Cortegada,42.20771,-8.169045,144.2422,1344,663,681,32
6456,Galicia,OURENSE,Cualedro,41.99015,-7.595024,842.0068,2049,1026,1023,32
6457,Galicia,OURENSE,Entrimo,41.93333,-8.116667,501.8381,1367,636,731,32
6458,Galicia,OURENSE,Esgos,42.32457,-7.695685,579.329,1234,624,610,32
6459,Galicia,OURENSE,Gomesende,42.16586,-8.103775,403.7807,1018,474,544,32
6460,Galicia,OURENSE,Gudiña (A),42.06117,-7.138263,980.4539,1584,807,777,32
6461,Galicia,OURENSE,Irixo (O),42.52346,-8.107206,561.9305,1828,863,965,32
6462,Galicia,OURENSE,Larouco,42.34745,-7.159348,533.1442,581,278,303,32
6463,Galicia,OURENSE,Laza,42.06162,-7.461647,479.0535,1597,795,802,32
6464,Galicia,OURENSE,Leiro,42.36928,-8.123707,88.74213,1793,877,916,32
6465,Galicia,OURENSE,Lobeira,41.99889,-8.043056,605.1371,1016,500,516,32
6466,Galicia,OURENSE,Lobios,41.89356,-8.068343,477.3125,2259,1123,1136,32
6467,Galicia,OURENSE,Maceda,42.27217,-7.650074,582.2949,3139,1527,1612,32
6468,Galicia,OURENSE,Manzaneda,42.31055,-7.235425,642.83,1028,510,518,32
6469,Galicia,OURENSE,Maside,42.41143,-8.025622,379.7209,3096,1474,1622,32
6470,Galicia,OURENSE,Melón,42.25759,-8.217762,482.1991,1498,681,817,32
6471,Galicia,OURENSE,Merca (A),42.22276,-7.904709,488.3453,2254,1082,1172,32
6472,Galicia,OURENSE,Mezquita (A),42.00964,-7.04605,991.7155,1365,714,651,32
6473,Galicia,OURENSE,Montederramo,42.27694,-7.502669,906.4658,990,504,486,32
6474,Galicia,OURENSE,Monterrei,41.94715,-7.449487,511.1087,3036,1500,1536,32
6475,Galicia,OURENSE,Muíños,41.95426,-7.985605,585.7645,1821,913,908,32
6476,Galicia,OURENSE,Nogueira de Ramuín,42.41308,-7.726115,613.3605,2435,1189,1246,32
6477,Galicia,OURENSE,Oímbra,41.88543,-7.47204,389.4346,1916,978,938,32
6478,Galicia,OURENSE,Ourense,42.34001,-7.864641,144.5574,107742,49824,57918,32
6479,Galicia,OURENSE,Paderne de Allariz,42.2775,-7.745833,440.9869,1597,778,819,32
6480,Galicia,OURENSE,Padrenda,42.13334,-8.15,273.543,2367,1158,1209,32
6481,Galicia,OURENSE,Parada de Sil,42.38281,-7.568525,662.7356,683,336,347,32
6482,Galicia,OURENSE,Pereiro de Aguiar (O),42.34643,-7.801086,321.2264,6135,3131,3004,32
6483,Galicia,OURENSE,Peroxa (A),42.43982,-7.795459,498.0891,2303,1110,1193,32
6484,Galicia,OURENSE,Petín,42.38257,-7.125877,300.702,1030,507,523,32
6485,Galicia,OURENSE,Piñor,42.49816,-8.004752,553.8872,1401,703,698,32
6486,Galicia,OURENSE,Pobra de Trives (A),42.33931,-7.2539,745.8318,2549,1281,1268,32
6487,Galicia,OURENSE,Pontedeva,42.16861,-8.139167,144.9253,680,325,355,32
6488,Galicia,OURENSE,Porqueira,42.01787,-7.839515,640.7926,1103,520,583,32
6489,Galicia,OURENSE,Punxín,42.37028,-8.011945,320.7976,861,409,452,32
6490,Galicia,OURENSE,Quintela de Leirado,42.13896,-8.102153,365.5756,754,341,413,32
6491,Galicia,OURENSE,Rairiz de Veiga,42.08272,-7.833268,620.0,1697,833,864,32
6492,Galicia,OURENSE,Ramirás,42.18779,-8.022355,364.6565,1938,905,1033,32
6493,Galicia,OURENSE,Ribadavia,42.28755,-8.143497,103.0358,5519,2656,2863,32
6494,Galicia,OURENSE,Riós,41.97426,-7.282634,805.391,1907,934,973,32
6495,Galicia,OURENSE,Rúa (A),42.39249,-7.120533,297.6577,4816,2362,2454,32
6496,Galicia,OURENSE,Rubiá,42.44963,-6.948192,548.2453,1585,784,801,32
6497,Galicia,OURENSE,San Amaro,42.37314,-8.071692,482.8099,1289,635,654,32
6498,Galicia,OURENSE,San Cibrao das Viñas,42.29727,-7.873343,271.6895,4310,2166,2144,32
6499,Galicia,OURENSE,San Cristovo de Cea,42.4728,-7.985322,510.0587,2739,1367,1372,32
6500,Galicia,OURENSE,San Xoán de Río,42.3706,-7.29888,879.6433,759,373,386,32
6501,Galicia,OURENSE,Sandiás,42.11305,-7.756991,639.2228,1466,667,799,32
6502,Galicia,OURENSE,Sarreaus,42.08629,-7.603325,650.4904,1587,790,797,32
6503,Galicia,OURENSE,Taboadela,42.2409,-7.825325,387.0332,1697,852,845,32
6504,Galicia,OURENSE,Teixeira (A),42.38874,-7.266197,846.8474,479,235,244,32
6505,Galicia,OURENSE,Toén,42.31652,-7.954854,375.3269,2635,1333,1302,32
6506,Galicia,OURENSE,Trasmiras,42.02463,-7.616568,644.9832,1656,807,849,32
6507,Galicia,OURENSE,Veiga (A),42.2506,-7.02599,882.0123,1106,558,548,32
6508,Galicia,OURENSE,Verea,42.1,-7.95,727.3734,1269,606,663,32
6509,Galicia,OURENSE,Verín,41.94045,-7.439122,387.786,14391,7105,7286,32
6510,Galicia,OURENSE,Viana do Bolo,42.17919,-7.112754,703.6934,3382,1670,1712,32
6511,Galicia,OURENSE,Vilamarín,42.46451,-7.892807,504.0667,2215,1091,1124,32
6512,Galicia,OURENSE,Vilamartín de Valdeorras,42.41521,-7.059831,319.5154,2164,1084,1080,32
6513,Galicia,OURENSE,Vilar de Barrio,42.16056,-7.612335,665.1714,1686,834,852,32
6514,Galicia,OURENSE,Vilar de Santos,42.0871,-7.794695,638.7435,991,479,512,32
6515,Galicia,OURENSE,Vilardevós,41.90748,-7.314034,741.3065,2324,1164,1160,32
6516,Galicia,OURENSE,Vilariño de Conso,42.17825,-7.171638,796.0936,700,387,313,32
6517,Galicia,OURENSE,Xinzo de Limia,42.06366,-7.724412,624.355,10161,5005,5156,32
6518,Galicia,OURENSE,Xunqueira de Ambía,42.20422,-7.734962,541.0165,1789,898,891,32
6519,Galicia,OURENSE,Xunqueira de Espadanedo,42.31957,-7.629323,688.6356,962,472,490,32
6520,Galicia,PONTEVEDRA,Agolada,42.76227,-8.019424,583.5956,3094,1513,1581,36
6521,Galicia,PONTEVEDRA,Arbo,42.1145,-8.319313,150.7691,3833,1894,1939,36
6522,Galicia,PONTEVEDRA,Baiona,42.11809,-8.84958,21.20054,12091,6000,6091,36
6523,Galicia,PONTEVEDRA,Barro,42.525,-8.647223,66.8885,3583,1772,1811,36
6524,Galicia,PONTEVEDRA,Bueu,42.31977,-8.790135,44.66146,12331,6066,6265,36
6525,Galicia,PONTEVEDRA,Caldas de Reis,42.6055,-8.643308,27.27038,10036,4887,5149,36
6526,Galicia,PONTEVEDRA,Cambados,42.5138,-8.812893,14.76714,13708,6693,7015,36
6527,Galicia,PONTEVEDRA,Campo Lameiro,42.54222,-8.542778,243.4357,2084,979,1105,36
6528,Galicia,PONTEVEDRA,Cangas,42.26471,-8.782845,10.73197,25748,12753,12995,36
6529,Galicia,PONTEVEDRA,Cañiza (A),42.21304,-8.27567,568.6797,6583,3192,3391,36
6530,Galicia,PONTEVEDRA,Catoira,42.66665,-8.722511,18.32608,3473,1690,1783,36
6531,Galicia,PONTEVEDRA,Cerdedo,42.53204,-8.391931,356.6336,2290,1047,1243,36
6532,Galicia,PONTEVEDRA,Cotobade,42.46667,-8.466667,447.3216,4448,2098,2350,36
6533,Galicia,PONTEVEDRA,Covelo,42.23195,-8.363334,380.7574,3399,1636,1763,36
6534,Galicia,PONTEVEDRA,Crecente,42.15374,-8.223059,197.8595,2596,1242,1354,36
6535,Galicia,PONTEVEDRA,Cuntis,42.63263,-8.563463,160.0568,5133,2421,2712,36
6536,Galicia,PONTEVEDRA,Dozón,42.57058,-8.04944,748.7759,1827,899,928,36
6537,Galicia,PONTEVEDRA,Estrada (A),42.68958,-8.491302,302.9033,21880,10418,11462,36
6538,Galicia,PONTEVEDRA,Forcarei,42.59233,-8.350904,592.3196,4219,1985,2234,36
6539,Galicia,PONTEVEDRA,Fornelos de Montes,42.34055,-8.453166,331.3943,1976,926,1050,36
6540,Galicia,PONTEVEDRA,Gondomar,42.11078,-8.761466,17.18025,13841,6816,7025,36
6541,Galicia,PONTEVEDRA,Grove (O),42.49366,-8.865339,14.24437,11250,5545,5705,36
6542,Galicia,PONTEVEDRA,Guarda (A),41.90252,-8.873672,41.92845,10425,5088,5337,36
6543,Galicia,PONTEVEDRA,Illa de Arousa (A),42.56406,-8.873684,0.0,4982,2463,2519,36
6544,Galicia,PONTEVEDRA,Lalín,42.66137,-8.110957,557.2646,21254,10403,10851,36
6545,Galicia,PONTEVEDRA,Lama (A),42.11277,-8.302681,97.33536,3001,1415,1586,36
6546,Galicia,PONTEVEDRA,Marín,42.39147,-8.699853,19.78863,25969,13000,12969,36
6547,Galicia,PONTEVEDRA,Meaño,42.45,-8.783333,118.3362,5465,2668,2797,36
6548,Galicia,PONTEVEDRA,Meis,42.51667,-8.7,58.83432,5002,2376,2626,36
6549,Galicia,PONTEVEDRA,Moaña,42.28551,-8.749413,129.5525,19014,9340,9674,36
6550,Galicia,PONTEVEDRA,Mondariz,42.23425,-8.455334,117.1311,5259,2529,2730,36
6551,Galicia,PONTEVEDRA,Mondariz-Balneario,42.22697,-8.465821,62.12397,726,367,359,36
6552,Galicia,PONTEVEDRA,Moraña,42.56186,-8.560328,381.2427,4411,2108,2303,36
6553,Galicia,PONTEVEDRA,Mos,42.19545,-8.654388,212.5747,14650,7167,7483,36
6554,Galicia,PONTEVEDRA,Neves (As),42.08818,-8.415079,162.8347,4466,2188,2278,36
6555,Galicia,PONTEVEDRA,Nigrán,42.1452,-8.807062,56.04147,18021,8875,9146,36
6556,Galicia,PONTEVEDRA,Oia,42.00307,-8.875215,24.84615,3227,1622,1605,36
6557,Galicia,PONTEVEDRA,Pazos de Borbén,42.29383,-8.531596,236.8124,3170,1510,1660,36
6558,Galicia,PONTEVEDRA,Poio,42.44446,-8.715083,195.026,16043,7903,8140,36
6559,Galicia,PONTEVEDRA,Ponte Caldelas,42.38924,-8.503109,292.4084,6422,3098,3324,36
6560,Galicia,PONTEVEDRA,Ponteareas,42.17637,-8.502382,41.39864,23172,11325,11847,36
6561,Galicia,PONTEVEDRA,Pontecesures,42.71667,-8.65,19.25962,3145,1570,1575,36
6562,Galicia,PONTEVEDRA,Pontevedra,42.43362,-8.648053,18.60786,81576,38662,42914,36
6563,Galicia,PONTEVEDRA,Porriño (O),42.16036,-8.619299,40.00508,17475,8585,8890,36
6564,Galicia,PONTEVEDRA,Portas,42.58333,-8.666667,129.5794,3089,1457,1632,36
6565,Galicia,PONTEVEDRA,Redondela,42.28379,-8.607425,15.94175,30001,14684,15317,36
6566,Galicia,PONTEVEDRA,Ribadumia,42.51466,-8.757588,26.51637,4874,2338,2536,36
6567,Galicia,PONTEVEDRA,Rodeiro,42.64951,-7.949817,630.3114,3143,1579,1564,36
6568,Galicia,PONTEVEDRA,Rosal (O),41.93539,-8.83549,28.4151,6570,3246,3324,36
6569,Galicia,PONTEVEDRA,Salceda de Caselas,42.10196,-8.558377,75.80363,8289,4189,4100,36
6570,Galicia,PONTEVEDRA,Salvaterra de Miño,42.08197,-8.499002,32.76922,9293,4634,4659,36
6571,Galicia,PONTEVEDRA,Sanxenxo,42.39948,-8.806928,7.093974,17315,8511,8804,36
6572,Galicia,PONTEVEDRA,Silleda,42.69791,-8.248382,483.7768,9248,4521,4727,36
6573,Galicia,PONTEVEDRA,Soutomaior,42.333,-8.567,118.3894,6867,3376,3491,36
6574,Galicia,PONTEVEDRA,Tomiño,41.98744,-8.745583,40.81437,13315,6686,6629,36
6575,Galicia,PONTEVEDRA,Tui,42.04621,-8.643768,43.46014,17262,8299,8963,36
6576,Galicia,PONTEVEDRA,Valga,42.69431,-8.639425,45.98117,6120,2998,3122,36
6577,Galicia,PONTEVEDRA,Vigo,42.23136,-8.712447,104.1391,297332,141720,155612,36
6578,Galicia,PONTEVEDRA,Vila de Cruces,42.79403,-8.170012,476.3511,6475,3177,3298,36
6579,Galicia,PONTEVEDRA,Vilaboa,42.34724,-8.646326,72.6324,5978,2903,3075,36
6580,Galicia,PONTEVEDRA,Vilagarcía de Arousa,42.59387,-8.765963,11.04834,37576,18110,19466,36
6581,Galicia,PONTEVEDRA,Vilanova de Arousa,42.56221,-8.82772,5.737418,10719,5203,5516,36
